url,name,address,city,state,phone
https://threeriversbookkeeping.com/,Three Rivers Bookkeeping,"32983 Mt Hunter Dr, Talkeetna, AK 99676",Talkeetna,AK,(907) 331-0208
http://www.alaska-cpas.com/,"Fosselman & Associates CPAS, Inc.","610 S Bailey St, Palmer, AK 99645",Palmer,AK,(907) 745-0135
http://www.diehl.cpa/,Diehl CPA LLC,"1150 S Colony Way #11, Palmer, AK 99645",Palmer,AK,(907) 313-6933
http://veitandveit.com/,Veit and Veit,"13276 Mc Kinley Way #269, Willow, AK 99688",Willow,AK,(907) 495-7970
http://www.northcutassociates.com/,"Namtvedt Northcut & Associates, LLC","4901 E Mayflower Ln Ste. B, Wasilla, AK 99654",Wasilla,AK,(907) 376-3576
http://fostercpa.com/,"Foster and Company, LLC","2801 E Palmer-Wasilla Hwy, Wasilla, AK 99654",Wasilla,AK,(907) 290-5555
http://www.countonaccounting.com/,Count On Accounting Business Consulting and Tax,"165 E Parks Hwy #104, Wasilla, AK 99654",Wasilla,AK,(907) 357-7707
https://jawalker97.wixsite.com/jw-financial-solutio,JW Enterprises,"21370 Chum St, Willow, AK 99688",Willow,AK,(907) 203-4984
https://alaskataxlady.com/,Alaska Tax Lady - Wasilla,"124 W Swanson Ave, Wasilla, AK 99654",Wasilla,AK,(907) 373-8829
http://www.centpac.net/,"Centinel Pacific Accounting, LLC","5050 Dunbar Dr STE D/E, Wasilla, AK 99654",Wasilla,AK,(907) 885-2735
http://noblebusinessservices.com/,"Noble Business Services, LLC","1201 Lucille St # 103, Wasilla, AK 99654",Wasilla,AK,(907) 982-9895
http://mckinleyviewcafe.com/,Mary's McKinley View Cafe,"HQP7+V6, Mile 134 Parks Hwy, Trapper Creek, AK 99683",Trapper Creek,AK,(907) 733-1555
