url,name,address,city,state,phone
http://veitandveit.com/,Veit and Veit,"13276 Mc Kinley Way #269, Willow, AK 99688",Willow,AK,(907) 495-7970
https://jawalker97.wixsite.com/jw-financial-solutio,JW Enterprises,"21370 Chum St, Willow, AK 99688",Willow,AK,(907) 203-4984
http://www.basslercpa.com/,"Bassler & Redick CPAs, LLC","801 W Fireweed Ln STE 202, Anchorage, AK 99503",Anchorage,AK,(907) 272-2041
http://www.alaska-cpas.com/,"Fosselman & Associates CPAS, Inc.","610 S Bailey St, Palmer, AK 99645",Palmer,AK,(907) 745-0135
http://carmenjacksoncpa.com/,"Carmen Jackson CPA, LLC","3500 Wolverine Dr, Wasilla, AK 99654",Wasilla,AK,(907) 931-1328
http://www.centpac.net/,"Centinel Pacific Accounting, LLC","5050 Dunbar Dr STE D/E, Wasilla, AK 99654",Wasilla,AK,(907) 885-2735
http://www.diehl.cpa/,Diehl CPA LLC,"1150 S Colony Way #11, Palmer, AK 99645",Palmer,AK,(907) 313-6933
http://www.rmeacpa.com/?utm_source=NEXT&utm_medium=GMB%20Page,Ron Morgan & Associates LLC,"951 E Bogard Rd Ste 101, Wasilla, AK 99654",Wasilla,AK,(907) 357-1040
http://fostercpa.com/,"Foster and Company, LLC","2801 E Palmer-Wasilla Hwy, Wasilla, AK 99654",Wasilla,AK,(907) 290-5555
https://stevensaccountingservices.com/,Stevens Accounting Services,"201 E Swanson Ave Ste 12, Wasilla, AK 99654",Wasilla,AK,(907) 892-0843
http://www.akcpa.org/,Alaska Society of Certified Public Accountants,"2600 Cordova St #211, Anchorage, AK 99503",Anchorage,AK,(907) 562-4334
http://navigateak.com/,Navigate Accounting Services LLC,"951 E Bogard Rd Suite 201, Wasilla, AK 99654",Wasilla,AK,(907) 223-8728
http://www.balancedcpas.com/,Balanced CPAs LLC,"310 K St Suite 401, Anchorage, AK 99501",Anchorage,AK,(907) 522-5445
http://www.northcutassociates.com/,"Namtvedt Northcut & Associates, LLC","4901 E Mayflower Ln Ste. B, Wasilla, AK 99654",Wasilla,AK,(907) 376-3576
http://noblebusinessservices.com/,"Noble Business Services, LLC","1201 Lucille St # 103, Wasilla, AK 99654",Wasilla,AK,(907) 982-9895
http://www.swallingcpas.com/,Swalling & Associates PC-CPAS,"851 Westpoint Dr Ste 108, Wasilla, AK 99654",Wasilla,AK,(907) 376-1272
